Iteration,Threads,Size,Buckets,Gen_Time,Split_Time,Sort_Time,Write_Time,Total_Time
1,2,1000000000,10000000,2.887887,79.333238,37.315782,1.962453,124.175072
2,2,1000000000,10000000,2.885258,84.076903,37.222818,1.968851,128.832253
3,2,1000000000,10000000,2.887769,84.194458,37.219377,1.969251,128.946737
4,2,1000000000,10000000,2.878393,64.123935,37.793441,1.963501,109.434762
5,2,1000000000,10000000,2.887167,65.377181,37.913556,1.963726,110.817774
6,2,1000000000,10000000,2.888146,66.196848,37.917209,1.966199,111.645905
7,2,1000000000,10000000,2.885740,81.167868,37.289708,1.963035,125.979776
8,2,1000000000,10000000,2.897647,78.375734,37.360880,1.967499,123.278774
9,2,1000000000,10000000,2.888167,66.936499,37.914937,1.969125,112.388723
10,2,1000000000,10000000,2.901430,66.429074,37.920094,1.968975,111.889548
1,4,1000000000,10000000,1.452011,46.981171,19.142562,1.130015,71.390662
2,4,1000000000,10000000,1.450464,47.710719,19.149988,1.126699,72.124827
3,4,1000000000,10000000,1.451037,44.598890,19.147096,1.134077,69.016903
4,4,1000000000,10000000,1.451653,45.006893,19.161174,1.131189,69.437622
5,4,1000000000,10000000,1.449248,46.563618,19.156870,1.127426,70.983102
6,4,1000000000,10000000,1.451069,46.913479,19.139399,1.134638,71.326285
7,4,1000000000,10000000,1.451775,44.299681,19.150802,1.139661,68.733907
8,4,1000000000,10000000,1.453272,47.317639,19.142734,1.117223,71.714949
9,4,1000000000,10000000,1.475845,44.279449,19.149218,1.141527,68.740451
10,4,1000000000,10000000,1.456006,45.789248,19.170086,1.131667,70.229491
1,6,1000000000,10000000,0.970818,29.921106,12.757081,0.824683,47.154665
2,6,1000000000,10000000,0.968743,32.044771,12.780837,0.799165,49.277713
3,6,1000000000,10000000,0.969125,29.878997,12.757406,0.795905,47.078825
4,6,1000000000,10000000,0.969878,31.152456,12.774445,0.790384,48.366658
5,6,1000000000,10000000,0.970986,29.849772,12.764332,0.804862,47.067964
6,6,1000000000,10000000,0.968226,30.920235,12.773879,0.777492,48.126492
7,6,1000000000,10000000,0.969073,29.806410,12.756856,0.808423,47.021732
8,6,1000000000,10000000,0.970538,29.790559,12.753541,0.818775,47.011455
9,6,1000000000,10000000,0.971061,29.808723,12.763825,0.800115,47.026570
10,6,1000000000,10000000,0.972926,30.054998,12.754977,0.809498,47.269516
1,8,1000000000,10000000,0.729578,22.450499,9.567736,0.626005,36.054174
2,8,1000000000,10000000,0.728665,22.565057,9.569502,0.631344,36.173839
3,8,1000000000,10000000,0.728955,22.435520,9.561681,0.623197,36.032908
4,8,1000000000,10000000,0.728882,22.265010,9.561611,0.616858,35.849243
5,8,1000000000,10000000,0.728613,22.398112,9.564812,0.620174,35.989732
6,8,1000000000,10000000,0.729384,22.309920,9.561686,0.627713,35.911654
7,8,1000000000,10000000,0.728821,22.552290,9.563882,0.630655,36.154826
8,8,1000000000,10000000,0.728821,22.369955,9.561441,0.631381,35.968731
9,8,1000000000,10000000,0.729305,22.545645,9.566535,0.624512,36.146109
10,8,1000000000,10000000,0.729508,22.587522,9.570686,0.629796,36.192051
1,10,1000000000,10000000,0.585903,18.118509,7.652257,0.536734,29.570436
2,10,1000000000,10000000,0.594045,18.077034,7.655096,0.536321,29.542332
3,10,1000000000,10000000,0.586957,18.412532,7.651352,0.542784,29.868405
4,10,1000000000,10000000,0.585736,18.092181,7.651173,0.526925,29.533991
5,10,1000000000,10000000,0.584248,18.892907,7.651352,0.530981,30.334936
6,10,1000000000,10000000,0.584125,17.993947,7.648196,0.533630,29.438821
7,10,1000000000,10000000,0.592971,18.071029,7.652519,0.530883,29.522006
8,10,1000000000,10000000,0.584508,18.028382,7.652422,0.531843,29.471970
9,10,1000000000,10000000,0.593935,18.427958,7.654104,0.537971,29.893195
10,10,1000000000,10000000,0.585192,18.135696,7.654222,0.528334,29.579062
1,12,1000000000,10000000,0.488672,15.309699,6.378119,0.461721,25.320014
2,12,1000000000,10000000,0.488372,15.051530,6.377530,0.476690,25.071045
3,12,1000000000,10000000,0.488492,15.156481,6.375087,0.473596,25.171051
4,12,1000000000,10000000,0.488863,15.128576,6.378565,0.474053,25.146387
5,12,1000000000,10000000,0.488584,15.319978,6.380462,0.467602,25.332535
6,12,1000000000,10000000,0.487933,15.116405,6.374972,0.466045,25.122155
7,12,1000000000,10000000,0.488047,15.117980,6.374124,0.471364,25.126440
8,12,1000000000,10000000,0.488771,15.176770,6.374047,0.471260,25.185556
9,12,1000000000,10000000,0.488496,15.189425,6.379955,0.468377,25.206885
10,12,1000000000,10000000,0.489185,15.126140,6.382755,0.465897,25.137074
1,14,1000000000,10000000,0.420272,13.131353,5.465737,0.451783,22.145242
2,14,1000000000,10000000,0.419700,13.092461,5.465457,0.436871,22.088755
3,14,1000000000,10000000,0.422043,13.066589,5.466134,0.426892,22.054884
4,14,1000000000,10000000,0.425677,13.177783,5.467214,0.440696,22.185723
5,14,1000000000,10000000,0.419891,13.202491,5.469284,0.441688,22.207821
6,14,1000000000,10000000,0.419694,13.183195,5.466331,0.435271,22.181061
7,14,1000000000,10000000,0.423050,13.551451,5.467733,0.423988,22.543320
8,14,1000000000,10000000,0.419728,14.194283,5.465404,0.429618,23.184784
9,14,1000000000,10000000,0.424774,13.227447,5.466577,0.430677,22.225608
10,14,1000000000,10000000,0.420152,13.222016,5.468247,0.451206,22.234578
1,16,1000000000,10000000,0.368277,11.563620,4.781971,0.404236,19.794966
2,16,1000000000,10000000,0.368166,11.456498,4.782865,0.398111,19.680946
3,16,1000000000,10000000,0.368396,11.570671,4.780393,0.402264,19.794703
4,16,1000000000,10000000,0.368857,11.511035,4.781072,0.410897,19.747815
5,16,1000000000,10000000,0.368107,11.615032,4.781595,0.402038,19.841047
6,16,1000000000,10000000,0.367872,11.518911,4.781820,0.421956,19.770469
7,16,1000000000,10000000,0.368381,11.491560,4.783581,0.398209,19.722348
8,16,1000000000,10000000,0.368851,11.600241,4.781785,0.400575,19.824813
9,16,1000000000,10000000,0.368188,11.541197,4.783586,0.392529,19.762596
10,16,1000000000,10000000,0.372062,11.556396,4.781803,0.418096,19.806314
1,18,1000000000,10000000,0.328175,10.423497,4.252323,0.374328,18.054591
2,18,1000000000,10000000,0.330146,10.318218,4.251646,0.399951,17.973273
3,18,1000000000,10000000,0.328426,10.437790,4.252350,0.383414,18.074465
4,18,1000000000,10000000,0.328524,10.282098,4.251571,0.373877,17.909113
5,18,1000000000,10000000,0.328989,10.329634,4.252330,0.366084,17.949663
6,18,1000000000,10000000,0.330487,10.347004,4.251939,0.391287,17.996571
7,18,1000000000,10000000,0.328048,10.254818,4.251525,0.372826,17.880345
8,18,1000000000,10000000,0.328105,10.319205,4.249639,0.387889,17.962208
9,18,1000000000,10000000,0.328466,10.636256,4.250802,0.376871,18.269610
10,18,1000000000,10000000,0.329280,10.284082,4.251370,0.384496,17.923576
1,20,1000000000,10000000,0.296394,9.351676,3.826231,0.376338,16.526320
2,20,1000000000,10000000,0.297387,9.292319,3.827120,0.383811,16.534834
3,20,1000000000,10000000,0.296735,9.349144,3.825841,0.382628,16.526986
4,20,1000000000,10000000,0.298459,9.333006,3.826644,0.361437,16.495252
5,20,1000000000,10000000,0.295951,9.422355,3.827367,0.370248,16.593728
6,20,1000000000,10000000,0.299030,9.249913,3.825023,0.388924,16.442263
7,20,1000000000,10000000,0.296260,9.357883,3.826680,0.378352,16.532880
8,20,1000000000,10000000,0.295987,9.298333,3.825495,0.373962,16.467051
9,20,1000000000,10000000,0.296613,9.370149,3.827892,0.354075,16.524738
10,20,1000000000,10000000,0.296835,9.316222,3.826917,0.368659,16.481205
1,22,1000000000,10000000,0.270445,8.567151,3.480517,0.352579,15.346256
2,22,1000000000,10000000,0.270774,8.539323,3.480316,0.362370,15.329500
3,22,1000000000,10000000,0.270317,8.572089,3.480166,0.339342,15.334649
4,22,1000000000,10000000,0.270984,8.642652,3.480601,0.371890,15.440736
5,22,1000000000,10000000,0.273797,8.576018,3.480048,0.351331,15.355471
6,22,1000000000,10000000,0.270455,8.549507,3.480696,0.346241,15.319641
7,22,1000000000,10000000,0.270537,8.544088,3.480535,0.355668,15.327471
8,22,1000000000,10000000,0.270502,8.579393,3.480588,0.361163,15.365228
9,22,1000000000,10000000,0.272047,8.513266,3.479204,0.358434,15.303980
10,22,1000000000,10000000,0.270131,8.557795,3.480444,0.361257,15.347405
1,24,1000000000,10000000,0.248656,7.899713,3.189815,0.352614,14.367277
2,24,1000000000,10000000,0.248575,7.940372,3.188402,0.336689,14.387898
3,24,1000000000,10000000,0.248808,7.909913,3.190438,0.357300,14.379725
4,24,1000000000,10000000,0.248925,7.839908,3.189610,0.336537,14.292657
5,24,1000000000,10000000,0.248054,7.919619,3.189483,0.359668,14.395297
6,24,1000000000,10000000,0.251380,7.827220,3.190210,0.349243,14.292237
7,24,1000000000,10000000,0.251502,7.887910,3.189706,0.348125,14.356646
8,24,1000000000,10000000,0.252058,7.893596,3.190005,0.346511,14.355084
9,24,1000000000,10000000,0.249080,7.834384,3.189490,0.368147,14.316575
10,24,1000000000,10000000,0.248628,7.930947,3.190476,0.381370,14.429812
1,26,1000000000,10000000,0.230401,7.361772,2.944395,0.353392,13.565803
2,26,1000000000,10000000,0.230107,7.272634,2.944388,0.345988,13.473100
3,26,1000000000,10000000,0.230312,7.295770,2.943860,0.353432,13.495592
4,26,1000000000,10000000,0.230580,7.310135,2.943230,0.345174,13.503051
5,26,1000000000,10000000,0.230545,7.333242,2.943355,0.342896,13.524652
6,26,1000000000,10000000,0.230261,7.315580,2.944431,0.343246,13.506212
7,26,1000000000,10000000,0.230502,7.287405,2.944094,0.336569,13.473243
8,26,1000000000,10000000,0.230893,7.292494,2.943669,0.352500,13.492221
9,26,1000000000,10000000,0.230745,7.341999,2.943841,0.336833,13.532350
10,26,1000000000,10000000,0.232135,7.368046,2.945634,0.335070,13.551389
1,28,1000000000,10000000,0.217767,6.857658,2.733510,0.372566,12.857533
2,28,1000000000,10000000,0.214991,6.835388,2.734665,0.324233,12.783488
3,28,1000000000,10000000,0.216060,6.876640,2.734251,0.328763,12.827935
4,28,1000000000,10000000,0.215331,6.817183,2.733668,0.343827,12.785411
5,28,1000000000,10000000,0.214365,6.882467,2.734669,0.345038,12.851157
6,28,1000000000,10000000,0.215133,6.815120,2.733283,0.339560,12.782539
7,28,1000000000,10000000,0.215469,6.837342,2.733488,0.347060,12.807374
8,28,1000000000,10000000,0.214697,6.858963,2.733186,0.315555,12.796771
9,28,1000000000,10000000,0.214423,6.849260,2.734017,0.315601,12.789279
10,28,1000000000,10000000,0.214806,6.852459,2.735025,0.360629,12.834357
1,30,1000000000,10000000,0.200902,6.416762,2.552104,0.346553,12.194375
2,30,1000000000,10000000,0.201104,6.428138,2.551884,0.327532,12.183971
3,30,1000000000,10000000,0.201810,6.428515,2.551268,0.320933,12.180231
4,30,1000000000,10000000,0.200991,6.410403,2.552812,0.378300,12.224535
5,30,1000000000,10000000,0.202553,6.436551,2.551587,0.312641,12.179829
6,30,1000000000,10000000,0.201306,6.418654,2.551276,0.327960,12.174160
7,30,1000000000,10000000,0.201211,6.401439,2.551551,0.377286,12.205544
8,30,1000000000,10000000,0.201310,6.476328,2.553671,0.313069,12.224655
9,30,1000000000,10000000,0.201671,6.405216,2.551905,0.345783,12.183385
10,30,1000000000,10000000,0.201910,6.397908,2.552675,0.341713,12.164750
1,32,1000000000,10000000,0.189846,6.073070,2.393801,0.322109,11.655867
2,32,1000000000,10000000,0.188867,6.056583,2.393692,0.334047,11.646864
3,32,1000000000,10000000,0.189721,6.070335,2.392985,0.318018,11.645379
4,32,1000000000,10000000,0.190673,6.023013,2.393286,0.305546,11.587122
5,32,1000000000,10000000,0.188903,6.109122,2.393614,0.335112,11.704573
6,32,1000000000,10000000,0.189180,6.136704,2.392740,0.348678,11.746763
7,32,1000000000,10000000,0.188903,6.041894,2.393417,0.316606,11.614779
8,32,1000000000,10000000,0.189022,6.065903,2.393708,0.331904,11.657912
9,32,1000000000,10000000,0.189213,6.226359,2.393291,0.322173,11.807632
10,32,1000000000,10000000,0.189680,6.118929,2.393211,0.323640,11.695148
1,34,1000000000,10000000,0.179942,5.752423,2.252620,0.320714,11.182639
2,34,1000000000,10000000,0.179421,5.704742,2.252769,0.353366,11.165141
3,34,1000000000,10000000,0.179705,5.768570,2.252886,0.356432,11.237676
4,34,1000000000,10000000,0.179238,5.734807,2.253269,0.318698,11.159095
5,34,1000000000,10000000,0.178670,5.732937,2.252824,0.348218,11.188863
6,34,1000000000,10000000,0.179402,5.733495,2.252212,0.319750,11.159340
7,34,1000000000,10000000,0.178684,5.776464,2.252638,0.332222,11.214986
8,34,1000000000,10000000,0.179267,5.760824,2.252479,0.338888,11.205308
9,34,1000000000,10000000,0.179340,5.748259,2.252555,0.341679,11.203330
10,34,1000000000,10000000,0.178897,5.748756,2.253307,0.369448,11.223669
1,36,1000000000,10000000,0.171354,5.492671,2.127730,0.328242,10.795884
2,36,1000000000,10000000,0.170787,5.457892,2.128675,0.292853,10.725276
3,36,1000000000,10000000,0.170229,5.474799,2.128387,0.315365,10.762760
4,36,1000000000,10000000,0.170467,5.468528,2.128660,0.301340,10.744976
5,36,1000000000,10000000,0.171747,5.478872,2.128731,0.301793,10.755373
6,36,1000000000,10000000,0.170631,5.465028,2.129123,0.310760,10.749250
7,36,1000000000,10000000,0.170369,5.488174,2.130035,0.294611,10.757685
8,36,1000000000,10000000,0.169710,5.473317,2.129089,0.326613,10.771421
9,36,1000000000,10000000,0.169619,5.471412,2.128350,0.314731,10.760127
10,36,1000000000,10000000,0.172833,5.498401,2.129254,0.306319,10.782454
1,38,1000000000,10000000,0.162207,5.220713,2.016890,0.303335,10.381652
2,38,1000000000,10000000,0.162929,5.210170,2.016961,0.351283,10.417240
3,38,1000000000,10000000,0.162343,5.204672,2.016490,0.335324,10.390419
4,38,1000000000,10000000,0.163014,5.236925,2.016653,0.355190,10.447202
5,38,1000000000,10000000,0.162827,5.240794,2.016669,0.293358,10.386946
6,38,1000000000,10000000,0.162782,5.204496,2.017560,0.334333,10.394194
7,38,1000000000,10000000,0.162512,5.235922,2.016932,0.360270,10.450555
8,38,1000000000,10000000,0.162296,5.429570,2.016766,0.354753,10.637056
9,38,1000000000,10000000,0.163093,5.234359,2.016991,0.317401,10.407489
10,38,1000000000,10000000,0.163248,5.228815,2.017787,0.318438,10.401103
1,40,1000000000,10000000,0.155603,5.007543,1.915997,0.352261,10.109721
2,40,1000000000,10000000,0.154924,4.965376,1.917590,0.326174,10.041578
3,40,1000000000,10000000,0.156240,4.996802,1.917068,0.325882,10.068303
4,40,1000000000,10000000,0.154550,4.986350,1.916794,0.312453,10.045167
5,40,1000000000,10000000,0.155758,4.979661,1.916352,0.296596,10.023059
6,40,1000000000,10000000,0.155563,4.981310,1.915852,0.307672,10.033886
7,40,1000000000,10000000,0.155790,5.175472,1.916999,0.318814,10.241457
8,40,1000000000,10000000,0.156228,5.010814,1.915820,0.316388,10.072860
9,40,1000000000,10000000,0.156047,4.968572,1.916856,0.316214,10.034656
10,40,1000000000,10000000,0.155406,4.991780,1.921796,0.357820,10.099274
1,42,1000000000,10000000,0.148573,4.810919,1.826684,0.347191,9.812085
2,42,1000000000,10000000,0.151758,4.754170,1.826585,0.365279,9.777924
3,42,1000000000,10000000,0.149843,4.810242,1.830062,0.384665,9.846615
4,42,1000000000,10000000,0.150127,4.786515,1.826233,0.285954,9.724369
5,42,1000000000,10000000,0.148875,4.795912,1.826527,0.343186,9.790025
6,42,1000000000,10000000,0.149321,4.924211,1.828335,0.335411,9.912044
7,42,1000000000,10000000,0.148750,4.784776,1.826411,0.324063,9.758542
8,42,1000000000,10000000,0.149685,4.817511,1.825581,0.340575,9.807462
9,42,1000000000,10000000,0.151067,4.802076,1.829773,0.371205,9.831162
10,42,1000000000,10000000,0.153124,4.788972,1.846361,0.294114,9.757103
1,44,1000000000,10000000,0.144695,4.615123,1.745356,0.323365,9.506932
2,44,1000000000,10000000,0.145378,4.597456,1.745103,0.333800,9.498594
3,44,1000000000,10000000,0.147823,4.773939,1.745411,0.313995,9.654356
4,44,1000000000,10000000,0.147013,4.577387,1.744823,0.316971,9.462075
5,44,1000000000,10000000,0.145958,4.603966,1.747172,0.348290,9.521808
6,44,1000000000,10000000,0.143238,4.637410,1.747510,0.381733,9.585478
7,44,1000000000,10000000,0.143748,4.620838,1.745041,0.347870,9.533648
8,44,1000000000,10000000,0.148591,4.617407,1.745289,0.390698,9.576653
9,44,1000000000,10000000,0.146114,4.586904,1.756001,0.311936,9.479414
10,44,1000000000,10000000,0.145033,4.611869,1.768953,0.327513,9.527142
1,46,1000000000,10000000,0.139923,4.555276,1.672122,0.355478,9.400696
2,46,1000000000,10000000,0.140821,4.414035,1.672261,0.302479,9.206396
3,46,1000000000,10000000,0.140021,4.439002,1.669569,0.302695,9.231497
4,46,1000000000,10000000,0.141791,4.519724,1.675465,0.399092,9.413355
5,46,1000000000,10000000,0.140212,4.429588,1.678496,0.382600,9.306707
6,46,1000000000,10000000,0.141675,4.424919,1.680580,0.317502,9.239296
7,46,1000000000,10000000,0.142122,4.444265,1.670231,0.311973,9.245653
8,46,1000000000,10000000,0.143499,4.449760,1.682972,0.325699,9.275374
9,46,1000000000,10000000,0.143440,4.442617,1.692489,0.309782,9.266190
10,46,1000000000,10000000,0.144937,4.426973,1.702933,0.309213,9.259478
1,48,1000000000,10000000,0.137314,4.300122,1.601217,0.361910,9.077545
2,48,1000000000,10000000,0.137940,4.278339,1.609773,0.312666,9.015521
3,48,1000000000,10000000,0.139021,4.273204,1.606354,0.287939,8.986190
4,48,1000000000,10000000,0.138388,4.451082,1.607197,0.326753,9.203469
5,48,1000000000,10000000,0.138101,4.281718,1.616334,0.305558,9.016128
6,48,1000000000,10000000,0.139432,4.281199,1.620961,0.357156,9.074626
7,48,1000000000,10000000,0.136882,4.293163,1.600959,0.348738,9.058439
8,48,1000000000,10000000,0.140279,4.297202,1.615735,0.317884,9.045209
9,48,1000000000,10000000,0.140674,4.267929,1.632518,0.283219,9.000383
10,48,1000000000,10000000,0.141521,4.289732,1.666115,0.318737,9.089838
